Start date,Maturity,Maturuty_name,dsrate
2018/8/31,2018/9/4,O/N,1.92
2018/9/5,2018/9/12,1W,1.95969
2018/9/5,2018/10/5,1M,2.10375
2018/9/5,2018/11/5,2M,2.2085
2018/9/5,2018/12/5,3M,2.32125
2018/9/5,2019/3/5,6M,2.53388
2018/9/5,2019/9/5,1Y,2.84238
2018/9/5,2020/3/5,18M,2.764
2018/9/5,2020/9/8,2Y,2.829
2018/9/5,2021/9/7,3Y,2.875
2018/9/5,2022/9/6,4Y,2.886
2018/9/5,2023/9/5,5Y,2.888
2018/9/5,2024/9/5,6Y,2.89
2018/9/5,2025/9/5,7Y,2.897
2018/9/5,2026/9/8,8Y,2.906
2018/9/5,2027/9/7,9Y,2.919
2018/9/5,2028/9/5,10Y,2.931
2018/9/5,2030/9/5,12Y,2.951
2018/9/5,2033/9/6,15Y,2.968
2018/9/5,2038/9/7,20Y,2.975
2018/9/5,2043/9/7,25Y,2.964
2018/9/5,2048/9/7,30Y,2.949
